timestamp,open,high,low,close,volume,turnover
2026-01-25T14:30:00,88661.0,88668.0,88642.7,88642.7,11.69,1036395.7185
2026-01-25T14:31:00,88642.7,88662.0,88641.1,88659.0,26.624,2360200.1145
2026-01-25T14:32:00,88659.0,88659.1,88641.0,88641.0,4.117,364973.292
2026-01-25T14:33:00,88641.0,88659.0,88634.0,88655.0,24.033,2130462.5167
2026-01-25T14:34:00,88655.0,88675.0,88638.6,88664.7,117.652,10431287.0782
2026-01-25T14:35:00,88664.7,88688.0,88664.6,88673.3,26.653,2363443.4213
2026-01-25T14:36:00,88673.3,88688.0,88672.4,88672.4,8.871,786676.8235
2026-01-25T14:37:00,88672.4,88695.0,88669.0,88682.3,17.587,1559727.663
2026-01-25T14:38:00,88682.3,88682.3,88682.2,88682.3,2.569,227824.6797
2026-01-25T14:39:00,88682.3,88695.0,88676.0,88686.5,25.157,2231110.5881
2026-01-25T14:40:00,88686.5,88686.5,88674.6,88675.9,6.65,589722.6722
2026-01-25T14:41:00,88675.9,88691.7,88675.8,88679.6,5.586,495396.3276
2026-01-25T14:42:00,88679.6,88684.0,88669.1,88669.1,3.548,314629.1503
2026-01-25T14:43:00,88669.1,88687.3,88669.1,88687.3,8.901,789249.7524
2026-01-25T14:44:00,88687.3,88730.5,88687.3,88717.1,108.123,9592155.9358
2026-01-25T14:45:00,88717.1,88740.0,88708.0,88733.8,26.27,2330712.0753
2026-01-25T14:46:00,88733.8,88737.7,88726.1,88736.6,13.315,1181498.269
2026-01-25T14:47:00,88736.6,88766.2,88736.5,88762.5,55.091,4889218.8536
2026-01-25T14:48:00,88762.5,88762.5,88744.2,88744.3,15.979,1418259.8434
2026-01-25T14:49:00,88744.3,88744.3,88699.0,88711.7,25.955,2302508.6827
2026-01-25T14:50:00,88711.7,88739.5,88711.7,88713.0,11.034,979000.0162
2026-01-25T14:51:00,88713.0,88713.0,88691.1,88691.1,12.869,1141492.1932
2026-01-25T14:52:00,88691.1,88691.1,88661.1,88675.1,17.111,1517268.5586
2026-01-25T14:53:00,88675.1,88675.1,88669.5,88669.6,7.483,663534.5167
2026-01-25T14:54:00,88669.6,88729.8,88669.5,88722.8,23.791,2110211.6673
2026-01-25T14:55:00,88722.8,88739.6,88722.8,88728.9,16.083,1427080.2113
2026-01-25T14:56:00,88728.9,88745.1,88728.9,88729.1,4.524,401447.6001
2026-01-25T14:57:00,88729.1,88766.6,88725.9,88754.5,42.428,3765455.7251
2026-01-25T14:58:00,88754.5,88767.5,88748.6,88764.4,25.509,2264055.3903
2026-01-25T14:59:00,88764.4,88764.4,88756.0,88756.0,9.398,834188.3052
2026-01-25T15:00:00,88756.0,88777.3,88756.0,88774.7,26.154,2321569.4607
2026-01-25T15:01:00,88774.7,88774.8,88760.0,88767.0,10.234,908448.4936
2026-01-25T15:02:00,88767.0,88783.8,88760.0,88768.4,31.09,2759916.5766
2026-01-25T15:03:00,88768.4,88773.8,88751.7,88753.5,11.857,1052481.3379
2026-01-25T15:04:00,88753.5,88762.7,88731.5,88762.7,32.653,2897701.223
2026-01-25T15:05:00,88762.7,88785.1,88762.6,88785.1,8.023,712227.0497
2026-01-25T15:06:00,88785.1,88832.3,88779.2,88779.2,93.542,8307386.2715
2026-01-25T15:07:00,88779.2,88796.4,88779.2,88783.1,14.291,1268886.9411
2026-01-25T15:08:00,88783.1,88783.2,88732.4,88732.4,28.929,2567391.0576
2026-01-25T15:09:00,88732.4,88732.4,88710.0,88723.1,21.862,1939489.0881
2026-01-25T15:10:00,88723.1,88761.8,88723.1,88756.0,11.674,1036111.4794
2026-01-25T15:11:00,88756.0,88756.1,88725.9,88726.0,10.019,889052.2659
2026-01-25T15:12:00,88726.0,88734.9,88725.9,88734.8,7.791,691297.0235
2026-01-25T15:13:00,88734.8,88734.9,88724.5,88724.5,2.354,208875.0303
2026-01-25T15:14:00,88724.5,88724.5,88695.0,88703.9,13.545,1201530.5297
2026-01-25T15:15:00,88703.9,88720.0,88695.0,88718.6,31.942,2833523.6036
2026-01-25T15:16:00,88718.6,88725.6,88694.0,88709.9,19.12,1696076.9668
2026-01-25T15:17:00,88709.9,88736.1,88698.3,88736.0,15.146,1343696.0899
2026-01-25T15:18:00,88736.0,88790.1,88728.3,88790.1,7.047,625465.1985
2026-01-25T15:19:00,88790.1,88790.1,88772.4,88775.3,7.348,652345.4825
2026-01-25T15:20:00,88775.3,88792.7,88772.1,88772.2,5.644,501082.0953
2026-01-25T15:21:00,88772.2,88800.0,88769.2,88773.5,4.122,365975.0187
2026-01-25T15:22:00,88773.5,88773.5,88747.2,88768.2,18.562,1647591.7998
2026-01-25T15:23:00,88768.2,88776.9,88760.2,88769.5,1.718,152506.995
2026-01-25T15:24:00,88769.5,88769.6,88752.7,88756.1,4.815,427384.3069
2026-01-25T15:25:00,88756.1,88777.0,88756.1,88776.9,4.587,407198.8994
2026-01-25T15:26:00,88776.9,88776.9,88718.8,88718.8,26.74,2373064.782
2026-01-25T15:27:00,88718.8,88742.4,88712.6,88717.6,20.233,1795095.9487
2026-01-25T15:28:00,88717.6,88717.6,88678.1,88693.5,22.464,1992352.7152
2026-01-25T15:29:00,88693.5,88698.0,88647.6,88657.9,20.252,1795733.1644
2026-01-25T15:30:00,88657.9,88663.6,88616.8,88624.2,75.286,6672617.0231
2026-01-25T15:31:00,88624.2,88686.7,88588.9,88686.6,118.419,10493696.1314
2026-01-25T15:32:00,88686.6,88686.6,88657.4,88672.0,7.872,698022.7563
2026-01-25T15:33:00,88672.0,88703.8,88671.9,88703.8,7.769,689007.9082
2026-01-25T15:34:00,88703.8,88720.3,88703.6,88720.3,13.16,1167401.8147
2026-01-25T15:35:00,88720.3,88780.9,88718.0,88780.0,11.28,1001152.2963
2026-01-25T15:36:00,88780.0,88780.0,88750.2,88752.5,8.224,730024.4697
2026-01-25T15:37:00,88752.5,88780.0,88752.5,88770.0,7.044,625301.1947
2026-01-25T15:38:00,88770.0,88770.0,88733.8,88742.7,18.745,1663622.8013
2026-01-25T15:39:00,88742.7,88773.9,88742.7,88749.6,9.345,829472.5288
2026-01-25T15:40:00,88749.6,88766.1,88749.6,88766.0,2.627,233168.3547
2026-01-25T15:41:00,88766.0,88811.1,88766.0,88786.1,17.852,1585194.8683
2026-01-25T15:42:00,88786.1,88809.9,88780.8,88790.4,6.018,534374.7478
2026-01-25T15:43:00,88790.4,88806.1,88790.3,88802.9,12.1,1074442.276
2026-01-25T15:44:00,88802.9,88811.8,88790.9,88799.6,33.482,2973336.06
2026-01-25T15:45:00,88799.6,88812.0,88798.7,88798.7,4.878,433174.0252
2026-01-25T15:46:00,88798.7,88845.8,88783.4,88818.8,35.231,3129061.6297
2026-01-25T15:47:00,88818.8,88845.9,88818.7,88826.3,10.027,890728.0445
2026-01-25T15:48:00,88826.3,88850.0,88826.3,88841.6,37.758,3354715.7368
2026-01-25T15:49:00,88841.6,88850.0,88840.0,88850.0,17.829,1584087.6201
2026-01-25T15:50:00,88850.0,88853.3,88849.9,88853.3,44.591,3961937.5141
2026-01-25T15:51:00,88853.3,88908.4,88850.9,88890.2,149.01,13245531.0047
2026-01-25T15:52:00,88890.2,88929.2,88885.0,88917.5,110.389,9814913.4425
2026-01-25T15:53:00,88917.5,88935.9,88917.5,88929.0,43.285,3849266.1453
2026-01-25T15:54:00,88929.0,88937.4,88913.8,88913.9,27.226,2421205.0027
2026-01-25T15:55:00,88913.9,88913.9,88864.0,88866.5,19.014,1690094.0394
2026-01-25T15:56:00,88866.5,88893.4,88866.5,88870.1,16.901,1502265.2602
2026-01-25T15:57:00,88870.1,88886.4,88864.2,88886.4,6.256,555963.3284
2026-01-25T15:58:00,88886.4,88894.0,88873.3,88879.9,11.754,1044803.8962
2026-01-25T15:59:00,88879.9,88880.0,88875.0,88875.0,1.627,144603.3604
2026-01-25T16:00:00,88875.0,88900.0,88874.1,88896.2,10.174,904297.3461
2026-01-25T16:01:00,88896.2,88896.2,88863.1,88863.1,8.074,717642.9936
2026-01-25T16:02:00,88863.1,88892.0,88852.7,88879.1,11.577,1028791.4099
2026-01-25T16:03:00,88879.1,88879.2,88775.3,88821.4,84.8,7531690.5975
2026-01-25T16:04:00,88821.4,88855.1,88821.4,88829.7,31.78,2823308.2572
2026-01-25T16:05:00,88829.7,88851.3,88814.8,88840.2,17.081,1517263.8816
2026-01-25T16:06:00,88840.2,88840.2,88820.8,88827.3,10.297,914659.377
2026-01-25T16:07:00,88827.3,88862.1,88827.3,88848.1,46.812,4159145.3009
2026-01-25T16:08:00,88848.1,88854.7,88840.4,88849.2,13.827,1228477.3075
2026-01-25T16:09:00,88849.2,88855.0,88821.0,88821.0,21.082,1872989.8393
2026-01-25T16:10:00,88821.0,88847.3,88812.6,88847.1,18.219,1618385.4952
2026-01-25T16:11:00,88847.1,88847.2,88822.7,88822.7,12.308,1093404.8816
2026-01-25T16:12:00,88822.7,88845.1,88822.7,88842.4,11.987,1064876.9022
2026-01-25T16:13:00,88842.4,88842.5,88831.4,88831.4,1.087,96568.7457
2026-01-25T16:14:00,88831.4,88850.0,88831.4,88845.5,2.795,248313.4229
2026-01-25T16:15:00,88845.5,88845.6,88835.3,88845.0,5.179,460107.7916
2026-01-25T16:16:00,88845.0,88900.0,88845.0,88874.1,36.865,3276801.1379
2026-01-25T16:17:00,88874.1,88890.1,88848.3,88848.3,5.163,458786.9057
2026-01-25T16:18:00,88848.3,88852.4,88817.0,88826.3,14.997,1332287.021
2026-01-25T16:19:00,88826.3,88826.3,88776.1,88790.7,37.317,3313440.3875
2026-01-25T16:20:00,88790.7,88807.9,88790.6,88807.8,4.693,416749.3304
2026-01-25T16:21:00,88807.8,88807.9,88779.0,88779.0,7.239,642819.7596
2026-01-25T16:22:00,88779.0,88781.1,88756.6,88756.6,17.579,1560548.4257
2026-01-25T16:23:00,88756.6,88756.7,88654.3,88671.7,65.448,5805090.6229
2026-01-25T16:24:00,88671.7,88706.1,88635.1,88666.5,79.795,7075044.884
2026-01-25T16:25:00,88666.5,88666.5,88566.6,88589.4,109.142,9672706.9251
2026-01-25T16:26:00,88589.4,88737.0,88589.3,88737.0,87.761,7781083.9129
2026-01-25T16:27:00,88737.0,88737.0,88682.6,88688.2,28.257,2506777.5419
2026-01-25T16:28:00,88688.2,88702.2,88606.0,88615.0,29.642,2628372.9119
2026-01-25T16:29:00,88615.0,88695.0,88614.9,88678.9,16.835,1492645.874
2026-01-25T16:30:00,88678.9,88711.9,88672.6,88705.9,13.494,1196731.8477
2026-01-25T16:31:00,88705.9,88711.8,88626.9,88626.9,30.269,2683840.8432
2026-01-25T16:32:00,88626.9,88627.0,88580.8,88601.0,44.524,3944816.0014
2026-01-25T16:33:00,88601.0,88659.2,88600.0,88651.1,17.529,1553495.1112
2026-01-25T16:34:00,88651.1,88671.7,88639.3,88664.3,10.45,926461.5752
2026-01-25T16:35:00,88664.3,88705.9,88664.3,88705.9,9.49,841695.6754
2026-01-25T16:36:00,88705.9,88705.9,88674.6,88695.4,15.75,1396882.3914
2026-01-25T16:37:00,88695.4,88695.9,88652.9,88660.1,6.395,567108.7138
2026-01-25T16:38:00,88660.1,88686.0,88653.3,88653.3,8.844,784202.4986
2026-01-25T16:39:00,88653.3,88675.9,88653.3,88666.0,15.349,1360833.5489
2026-01-25T16:40:00,88666.0,88675.5,88645.3,88675.5,8.944,792937.8025
2026-01-25T16:41:00,88675.5,88675.5,88641.3,88652.2,29.873,2648390.2962
2026-01-25T16:42:00,88652.2,88656.4,88633.6,88649.1,9.374,831019.6732
2026-01-25T16:43:00,88649.1,88652.0,88637.4,88652.0,6.963,617249.7625
2026-01-25T16:44:00,88652.0,88669.5,88639.4,88639.4,12.865,1140570.4967
2026-01-25T16:45:00,88639.4,88645.0,88576.9,88600.9,26.715,2366993.5422
2026-01-25T16:46:00,88600.9,88620.1,88590.0,88602.6,16.505,1462353.6966
2026-01-25T16:47:00,88602.6,88614.0,88590.0,88610.8,23.138,2050001.8068
2026-01-25T16:48:00,88610.8,88631.9,88609.9,88609.9,9.073,804048.0148
2026-01-25T16:49:00,88609.9,88625.4,88609.8,88622.2,4.915,435561.021
2026-01-25T16:50:00,88622.2,88650.0,88622.0,88647.5,9.447,837244.2574
2026-01-25T16:51:00,88647.5,88647.5,88633.3,88645.5,2.444,216639.6444
2026-01-25T16:52:00,88645.5,88661.3,88645.4,88661.2,9.554,846986.4708
2026-01-25T16:53:00,88661.2,88661.2,88621.8,88638.9,12.449,1103517.177
2026-01-25T16:54:00,88638.9,88657.5,88621.6,88657.5,19.177,1699914.0598
2026-01-25T16:55:00,88657.5,88671.7,88631.8,88650.9,9.682,858395.9911
2026-01-25T16:56:00,88650.9,88651.4,88650.8,88651.4,3.221,285545.3146
2026-01-25T16:57:00,88651.4,88674.1,88651.3,88674.0,3.564,316013.3846
2026-01-25T16:58:00,88674.0,88675.9,88674.0,88675.9,2.353,208653.2609
2026-01-25T16:59:00,88675.9,88684.3,88661.4,88661.4,7.925,702760.6999
2026-01-25T17:00:00,88661.4,88663.9,88640.0,88646.2,10.586,938430.5764
2026-01-25T17:01:00,88646.2,88663.5,88634.4,88663.5,23.404,2074777.9939
2026-01-25T17:02:00,88663.5,88681.5,88663.4,88677.6,5.031,446125.4422
2026-01-25T17:03:00,88677.6,88686.0,88663.9,88685.9,4.427,392585.0966
2026-01-25T17:04:00,88685.9,88688.2,88676.9,88677.0,4.769,422945.2751
2026-01-25T17:05:00,88677.0,88685.1,88676.9,88685.1,2.624,232689.5428
2026-01-25T17:06:00,88685.1,88685.1,88642.6,88642.7,17.378,1540604.2063
2026-01-25T17:07:00,88642.7,88671.8,88642.7,88671.8,15.065,1335691.1029
2026-01-25T17:08:00,88671.8,88690.8,88659.9,88659.9,11.251,997730.8962
2026-01-25T17:09:00,88659.9,88692.7,88659.9,88688.4,14.998,1329999.5414
2026-01-25T17:10:00,88688.4,88735.0,88688.3,88716.1,19.28,1710429.0849
2026-01-25T17:11:00,88716.1,88727.6,88710.7,88716.1,11.189,992662.7034
2026-01-25T17:12:00,88716.1,88716.1,88704.0,88704.0,4.188,371526.756
2026-01-25T17:13:00,88704.0,88704.1,88704.0,88704.1,1.501,133144.727
2026-01-25T17:14:00,88704.1,88714.8,88691.9,88696.3,16.686,1480081.0826
2026-01-25T17:15:00,88696.3,88702.2,88651.0,88659.3,14.645,1298721.0625
2026-01-25T17:16:00,88659.3,88715.0,88656.9,88714.9,12.47,1105860.5137
2026-01-25T17:17:00,88714.9,88715.0,88680.0,88680.0,30.479,2703400.0216
2026-01-25T17:18:00,88680.0,88695.5,88680.0,88690.8,5.46,484227.5428
2026-01-25T17:19:00,88690.8,88690.8,88641.3,88641.3,7.274,644913.8435
2026-01-25T17:20:00,88641.3,88641.4,88610.0,88625.4,26.559,2353645.9935
2026-01-25T17:21:00,88625.4,88641.3,88616.2,88633.1,10.324,915010.8157
2026-01-25T17:22:00,88633.1,88633.1,88609.0,88609.0,5.652,500853.4533
2026-01-25T17:23:00,88609.0,88609.1,88590.0,88597.8,23.269,2061617.0735
2026-01-25T17:24:00,88597.8,88617.1,88597.8,88617.0,5.974,529355.9813
2026-01-25T17:25:00,88617.0,88619.9,88606.9,88609.3,17.025,1508680.08
2026-01-25T17:26:00,88609.3,88619.5,88590.0,88619.5,10.083,893377.9754
2026-01-25T17:27:00,88619.5,88676.6,88619.4,88676.6,16.307,1445754.8318
2026-01-25T17:28:00,88676.6,88719.9,88676.6,88704.3,10.253,909454.7424
2026-01-25T17:29:00,88704.3,88719.2,88704.3,88706.0,8.683,770278.3291
2026-01-25T17:30:00,88706.0,88706.1,88680.1,88688.5,11.908,1056254.5968
2026-01-25T17:31:00,88688.5,88688.5,88680.0,88687.2,0.979,86821.8747
2026-01-25T17:32:00,88687.2,88692.1,88687.2,88692.0,3.044,269970.5241
2026-01-25T17:33:00,88692.0,88696.9,88680.0,88680.1,3.735,331256.9802
2026-01-25T17:34:00,88680.1,88680.1,88642.5,88642.5,6.517,577791.5471
2026-01-25T17:35:00,88642.5,88676.1,88642.5,88676.0,4.429,392673.2681
2026-01-25T17:36:00,88676.0,88676.1,88676.0,88676.1,0.907,80429.2072
2026-01-25T17:37:00,88676.1,88676.1,88647.9,88654.3,2.554,226436.0806
2026-01-25T17:38:00,88654.3,88658.6,88651.5,88658.5,6.456,572365.2378
2026-01-25T17:39:00,88658.5,88658.6,88623.8,88623.9,13.214,1171435.9896
2026-01-25T17:40:00,88623.9,88654.2,88623.8,88646.6,10.925,968370.9683
2026-01-25T17:41:00,88646.6,88646.6,88635.1,88642.7,7.161,634739.1148
2026-01-25T17:42:00,88642.7,88644.1,88624.2,88640.4,3.214,284889.8376
2026-01-25T17:43:00,88640.4,88640.4,88631.2,88640.2,1.175,104144.7425
2026-01-25T17:44:00,88640.2,88651.8,88640.2,88643.4,2.802,248383.6691
2026-01-25T17:45:00,88643.4,88643.4,88635.3,88635.3,2.927,259438.6194
2026-01-25T17:46:00,88635.3,88639.8,88585.4,88588.9,8.527,755622.8151
2026-01-25T17:47:00,88588.9,88607.2,88584.2,88600.1,10.17,900983.4458
2026-01-25T17:48:00,88600.1,88612.0,88596.0,88596.2,6.978,618256.8965
2026-01-25T17:49:00,88596.2,88616.2,88540.0,88544.7,109.982,9741070.4306
2026-01-25T17:50:00,88544.7,88570.6,88521.6,88542.2,68.188,6037359.649
2026-01-25T17:51:00,88542.2,88547.4,88490.0,88490.0,55.541,4915728.2178
2026-01-25T17:52:00,88490.0,88510.2,88462.7,88478.3,120.199,10636189.8829
2026-01-25T17:53:00,88478.3,88478.3,88450.0,88467.2,27.821,2461152.4297
2026-01-25T17:54:00,88467.2,88467.3,88314.0,88364.8,238.394,21066703.1015
2026-01-25T17:55:00,88364.8,88472.9,88364.8,88454.2,116.618,10311737.9039
2026-01-25T17:56:00,88454.2,88457.6,88410.0,88410.0,33.275,2942889.578
2026-01-25T17:57:00,88410.0,88410.1,88376.9,88390.9,25.776,2278356.3799
2026-01-25T17:58:00,88390.9,88437.3,88365.6,88430.4,34.871,3082625.0352
2026-01-25T17:59:00,88430.4,88430.5,88407.4,88407.9,16.522,1460725.688
2026-01-25T18:00:00,88407.9,88417.3,88350.0,88368.1,66.08,5840859.5679
2026-01-25T18:01:00,88368.1,88405.0,88305.0,88308.2,56.468,4989082.8693
2026-01-25T18:02:00,88308.2,88308.2,88026.6,88185.0,695.519,61310774.5192
2026-01-25T18:03:00,88185.0,88225.4,88060.5,88139.4,148.652,13100511.5736
2026-01-25T18:04:00,88139.4,88251.4,88102.7,88230.4,134.031,11816476.1422
2026-01-25T18:05:00,88230.4,88244.0,88137.0,88137.0,73.154,6450571.8738
2026-01-25T18:06:00,88137.0,88185.5,88021.2,88082.3,185.638,16349537.8891
2026-01-25T18:07:00,88082.3,88099.8,87923.7,88049.2,369.656,32524281.505
2026-01-25T18:08:00,88049.2,88085.7,88030.4,88038.2,81.896,7211096.2812
2026-01-25T18:09:00,88038.2,88085.0,87995.8,88025.3,63.26,5568648.752
2026-01-25T18:10:00,88025.3,88025.4,87930.3,88001.9,97.721,8597176.354
2026-01-25T18:11:00,88001.9,88036.2,87994.4,87999.0,92.788,8166541.9315
2026-01-25T18:12:00,87999.0,88059.1,87828.0,87947.4,510.086,44841319.5136
2026-01-25T18:13:00,87947.4,87947.4,87867.0,87925.9,147.869,12998584.0938
2026-01-25T18:14:00,87925.9,87949.4,87830.0,87854.6,89.299,7847787.1106
2026-01-25T18:15:00,87854.6,87925.1,87801.0,87802.4,443.506,38969553.8217
2026-01-25T18:16:00,87802.4,87802.4,87608.1,87612.3,1080.522,94765095.207
2026-01-25T18:17:00,87612.3,87954.3,87612.3,87914.7,268.867,23604750.6011
2026-01-25T18:18:00,87914.7,87934.7,87861.6,87867.9,136.255,11977473.2959
2026-01-25T18:19:00,87867.9,87867.9,87630.0,87664.7,106.081,9304542.9405
2026-01-25T18:20:00,87664.7,87765.3,87477.0,87700.0,823.468,72131988.8095
2026-01-25T18:21:00,87700.0,87781.5,87659.1,87741.3,269.234,23614051.7153
2026-01-25T18:22:00,87741.3,87853.5,87700.8,87702.6,356.959,31330776.1874
2026-01-25T18:23:00,87702.6,87889.5,87687.6,87872.9,126.681,11121708.5681
2026-01-25T18:24:00,87872.9,87887.3,87831.7,87878.7,63.071,5541392.2166
2026-01-25T18:25:00,87878.7,87899.9,87819.2,87893.7,82.019,7206066.5741
2026-01-25T18:26:00,87893.7,87893.8,87808.4,87840.0,94.679,8318087.1885
2026-01-25T18:27:00,87840.0,87893.7,87805.8,87877.3,74.691,6563016.8223
2026-01-25T18:28:00,87877.3,88080.0,87867.0,87991.5,285.549,25124278.8216
2026-01-25T18:29:00,87991.5,88057.5,87940.8,87991.8,118.691,10445283.0556
2026-01-25T18:30:00,87991.8,88103.6,87964.0,88086.6,141.622,12466791.0572
2026-01-25T18:31:00,88086.6,88102.6,87929.9,87953.0,95.877,8438004.414
2026-01-25T18:32:00,87953.0,87994.5,87847.4,87863.5,61.903,5442104.5589
2026-01-25T18:33:00,87863.5,87877.6,87706.0,87761.9,109.575,9619192.2871
2026-01-25T18:34:00,87761.9,87825.8,87756.0,87778.8,73.996,6496531.5709
2026-01-25T18:35:00,87778.8,87916.2,87770.0,87850.4,108.426,9525708.5586
2026-01-25T18:36:00,87850.4,87989.8,87850.4,87920.1,67.158,5905332.1737
2026-01-25T18:37:00,87920.1,87978.6,87878.6,87891.0,51.707,4546390.5322
2026-01-25T18:38:00,87891.0,87896.3,87846.0,87875.6,18.795,1651458.9262
2026-01-25T18:39:00,87875.6,87927.0,87852.9,87927.0,36.065,3169680.1159
2026-01-25T18:40:00,87927.0,87935.7,87896.6,87920.4,38.455,3380709.8032
2026-01-25T18:41:00,87920.4,87965.7,87890.9,87910.0,20.814,1830194.1997
2026-01-25T18:42:00,87910.0,87963.8,87910.0,87963.8,31.869,2802567.5959
2026-01-25T18:43:00,87963.8,88000.0,87953.3,87980.8,31.6,2780217.7764
2026-01-25T18:44:00,87980.8,87980.8,87860.8,87894.4,42.902,3770985.75
2026-01-25T18:45:00,87894.4,87894.4,87767.0,87767.1,46.344,4070880.3548
2026-01-25T18:46:00,87767.1,87820.4,87752.0,87791.7,89.983,7899796.5541
2026-01-25T18:47:00,87791.7,87847.3,87790.6,87834.5,35.405,3109074.3591
2026-01-25T18:48:00,87834.5,87849.4,87806.2,87820.2,15.775,1385434.8973
2026-01-25T18:49:00,87820.2,87865.9,87802.0,87802.1,13.767,1209283.5977
2026-01-25T18:50:00,87802.1,87924.0,87802.0,87924.0,14.659,1288272.0427
2026-01-25T18:51:00,87924.0,87957.4,87906.9,87936.0,47.55,4181681.8391
2026-01-25T18:52:00,87936.0,87959.7,87911.0,87938.9,16.837,1480575.0038
2026-01-25T18:53:00,87938.9,87964.9,87904.4,87946.0,19.473,1712505.0683
2026-01-25T18:54:00,87946.0,87980.0,87931.0,87980.0,16.643,1463733.7737
2026-01-25T18:55:00,87980.0,88030.5,87964.2,88030.3,88.156,7758271.8233
2026-01-25T18:56:00,88030.3,88072.0,88004.9,88041.1,76.945,6773911.3609
2026-01-25T18:57:00,88041.1,88079.9,88024.9,88079.8,33.815,2977477.5095
2026-01-25T18:58:00,88079.8,88079.8,88031.7,88036.6,29.712,2616160.0792
2026-01-25T18:59:00,88036.6,88072.8,88030.0,88042.3,41.906,3689605.9887
2026-01-25T19:00:00,88042.3,88064.9,87989.0,88005.3,70.674,6221632.7968
2026-01-25T19:01:00,88005.3,88028.3,87980.7,87987.0,18.407,1619907.1962
2026-01-25T19:02:00,87987.0,87996.8,87920.7,87925.2,37.745,3319278.2547
2026-01-25T19:03:00,87925.2,87925.2,87824.3,87913.6,42.305,3717894.5462
2026-01-25T19:04:00,87913.6,87993.8,87913.6,87917.9,43.237,3803456.8201
2026-01-25T19:05:00,87917.9,87932.5,87863.5,87931.1,25.989,2284556.7399
2026-01-25T19:06:00,87931.1,87943.2,87916.1,87916.2,15.758,1385651.1572
2026-01-25T19:07:00,87916.2,87923.8,87802.1,87813.0,37.754,3317808.9945
2026-01-25T19:08:00,87813.0,87955.3,87803.8,87955.3,46.729,4106207.765
2026-01-25T19:09:00,87955.3,87973.0,87933.1,87938.8,35.585,3129696.9874
2026-01-25T19:10:00,87938.8,87938.9,87906.0,87923.7,13.138,1155157.4167
2026-01-25T19:11:00,87923.7,87975.5,87907.1,87969.0,26.604,2339246.3152
2026-01-25T19:12:00,87969.0,87969.1,87923.9,87929.0,8.477,745519.3766
2026-01-25T19:13:00,87929.0,87955.2,87870.3,87898.7,17.841,1568328.1073
2026-01-25T19:14:00,87898.7,87900.2,87779.9,87814.3,35.037,3077066.3637
2026-01-25T19:15:00,87814.3,87880.2,87796.1,87880.1,120.696,10599743.5288
2026-01-25T19:16:00,87880.1,87916.8,87831.5,87835.2,43.258,3801700.2228
2026-01-25T19:17:00,87835.2,87852.5,87823.6,87852.0,9.759,857209.5607
2026-01-25T19:18:00,87852.0,87876.0,87834.8,87856.0,8.658,760717.9423
2026-01-25T19:19:00,87856.0,87900.8,87797.0,87900.8,65.979,5794837.7729
2026-01-25T19:20:00,87900.8,87940.6,87887.6,87910.6,19.158,1684263.5797
2026-01-25T19:21:00,87910.6,87976.5,87910.5,87960.2,14.096,1239764.8976
2026-01-25T19:22:00,87960.2,87967.6,87914.9,87914.9,31.898,2805350.2156
2026-01-25T19:23:00,87914.9,87914.9,87872.3,87883.2,20.867,1834012.2855
2026-01-25T19:24:00,87883.2,87902.7,87805.6,87807.2,30.794,2705126.697
2026-01-25T19:25:00,87807.2,87821.0,87793.9,87812.7,16.539,1452245.0177
2026-01-25T19:26:00,87812.7,87812.7,87698.3,87752.8,86.253,7567462.3971
2026-01-25T19:27:00,87752.8,87842.1,87752.8,87816.3,23.887,2097671.9054
2026-01-25T19:28:00,87816.3,87868.5,87804.6,87847.1,30.991,2722443.3504
2026-01-25T19:29:00,87847.1,87880.7,87835.6,87835.6,12.549,1102682.5697
2026-01-25T19:30:00,87835.6,87925.9,87799.2,87904.7,73.429,6450098.6757
2026-01-25T19:31:00,87904.7,87904.7,87788.3,87795.3,20.459,1797535.1101
2026-01-25T19:32:00,87795.3,87811.8,87763.8,87776.2,16.327,1433217.1879
2026-01-25T19:33:00,87776.2,87799.9,87718.1,87727.0,32.281,2832785.5677
2026-01-25T19:34:00,87727.0,87777.0,87726.9,87760.4,13.345,1171081.1811
2026-01-25T19:35:00,87760.4,87838.2,87750.7,87829.7,37.909,3328515.6836
2026-01-25T19:36:00,87829.7,87865.6,87818.6,87865.6,6.761,593876.3998
2026-01-25T19:37:00,87865.6,87871.9,87822.8,87824.3,9.48,832868.3562
2026-01-25T19:38:00,87824.3,87849.5,87812.8,87832.4,10.229,898419.3362
2026-01-25T19:39:00,87832.4,87869.7,87831.2,87869.7,6.261,550048.5471
2026-01-25T19:40:00,87869.7,87869.7,87849.7,87854.6,2.956,259724.0525
2026-01-25T19:41:00,87854.6,87893.9,87840.0,87871.9,9.399,825920.4985
2026-01-25T19:42:00,87871.9,87896.5,87871.9,87896.4,26.512,2330093.6232
2026-01-25T19:43:00,87896.4,87930.4,87876.8,87930.4,9.618,845392.5519
2026-01-25T19:44:00,87930.4,87956.0,87900.2,87952.0,32.116,2824192.9092
2026-01-25T19:45:00,87952.0,87952.1,87870.0,87879.7,24.875,2186557.5056
2026-01-25T19:46:00,87879.7,87887.9,87849.1,87870.0,12.848,1128830.881
2026-01-25T19:47:00,87870.0,87907.5,87866.2,87907.4,10.686,939191.764
2026-01-25T19:48:00,87907.4,87930.0,87902.1,87916.7,3.896,342526.226
2026-01-25T19:49:00,87916.7,87916.7,87873.5,87911.9,7.865,691305.7945
2026-01-25T19:50:00,87911.9,87911.9,87874.9,87894.9,8.996,790642.0438
2026-01-25T19:51:00,87894.9,87909.5,87863.1,87895.5,11.341,996631.9462
2026-01-25T19:52:00,87895.5,87902.5,87891.5,87902.5,1.855,163049.0863
2026-01-25T19:53:00,87902.5,87935.1,87902.4,87926.5,15.134,1330684.1576
2026-01-25T19:54:00,87926.5,87926.5,87866.0,87866.0,5.136,451417.9785
2026-01-25T19:55:00,87866.0,87875.5,87849.4,87850.1,19.816,1740986.0293
2026-01-25T19:56:00,87850.1,87850.1,87784.5,87795.0,58.614,5147402.3695
2026-01-25T19:57:00,87795.0,87848.4,87794.9,87812.0,47.954,4211212.1865
2026-01-25T19:58:00,87812.0,87831.7,87769.3,87769.4,20.538,1803352.2078
2026-01-25T19:59:00,87769.4,87835.2,87769.3,87835.2,9.883,867799.1564
2026-01-25T20:00:00,87835.2,87850.9,87806.1,87839.9,14.099,1238386.2337
2026-01-25T20:01:00,87839.9,87848.2,87783.7,87790.5,18.309,1607521.2858
2026-01-25T20:02:00,87790.5,87809.8,87762.0,87767.1,14.73,1293094.0878
2026-01-25T20:03:00,87767.1,87839.8,87767.1,87830.1,14.076,1236112.0942
2026-01-25T20:04:00,87830.1,87877.3,87830.1,87850.1,21.538,1892354.7888
2026-01-25T20:05:00,87850.1,87899.9,87828.0,87837.0,55.713,4894645.4221
2026-01-25T20:06:00,87837.0,87867.1,87836.9,87867.1,7.152,628321.3032
2026-01-25T20:07:00,87867.1,87901.9,87849.6,87891.5,10.889,956898.8382
2026-01-25T20:08:00,87891.5,87943.2,87870.8,87914.0,27.164,2387919.6728
2026-01-25T20:09:00,87914.0,87914.1,87841.7,87848.6,15.503,1362413.4176
2026-01-25T20:10:00,87848.6,87869.9,87818.5,87847.5,17.639,1549478.2448
2026-01-25T20:11:00,87847.5,87857.8,87802.5,87802.5,7.058,619950.4472
2026-01-25T20:12:00,87802.5,87826.5,87700.0,87700.0,30.361,2664778.696
2026-01-25T20:13:00,87700.0,87764.0,87420.8,87756.2,1082.148,94736716.6646
2026-01-25T20:14:00,87756.2,87803.2,87640.0,87655.7,114.777,10068422.3546
2026-01-25T20:15:00,87655.7,87843.7,87641.4,87715.6,241.654,21208984.829
2026-01-25T20:16:00,87715.6,87806.5,87700.7,87751.6,44.325,3889862.2665
2026-01-25T20:17:00,87751.6,87803.4,87700.8,87700.8,46.389,4071494.3672
2026-01-25T20:18:00,87700.8,87721.5,87464.3,87563.9,288.341,25241567.6144
2026-01-25T20:19:00,87563.9,87652.7,87563.9,87650.0,63.999,5607067.3038
2026-01-25T20:20:00,87650.0,87738.7,87633.1,87666.2,40.608,3560643.6182
2026-01-25T20:21:00,87666.2,87706.9,87644.4,87687.4,32.098,2814435.5274
2026-01-25T20:22:00,87687.4,87709.3,87590.0,87602.7,147.543,12926925.7045
2026-01-25T20:23:00,87602.7,87611.8,87570.5,87570.5,49.081,4299342.1499
2026-01-25T20:24:00,87570.5,87609.7,87539.8,87589.2,61.341,5371967.5351
2026-01-25T20:25:00,87589.2,87591.0,87521.6,87540.6,137.576,12044522.2929
2026-01-25T20:26:00,87540.6,87540.6,87348.2,87436.3,282.969,24739417.2102
2026-01-25T20:27:00,87436.3,87500.0,87385.5,87462.1,119.094,10414598.4205
2026-01-25T20:28:00,87462.1,87513.9,87431.0,87505.5,81.615,7140084.2177
2026-01-25T20:29:00,87505.5,87532.0,87470.0,87482.2,19.627,1717347.0463
2026-01-25T20:30:00,87482.2,87547.3,87436.2,87488.3,32.66,2857581.6953
2026-01-25T20:31:00,87488.3,87541.0,87478.1,87529.7,33.432,2925788.2725
2026-01-25T20:32:00,87529.7,87536.7,87310.1,87328.1,152.963,13364699.8533
2026-01-25T20:33:00,87328.1,87505.1,87281.2,87341.8,252.269,22039520.7219
2026-01-25T20:34:00,87341.8,87388.0,87270.0,87279.0,172.327,15046672.3375
2026-01-25T20:35:00,87279.0,87419.8,87272.5,87397.0,81.43,7115067.3937
2026-01-25T20:36:00,87397.0,87477.8,87397.0,87435.0,53.333,4663415.9601
2026-01-25T20:37:00,87435.0,87461.9,87312.0,87312.1,36.9,3223756.4381
2026-01-25T20:38:00,87312.1,87400.0,87263.0,87363.9,64.861,5662951.1318
2026-01-25T20:39:00,87363.9,87389.1,87301.9,87342.5,31.71,2769699.8123
2026-01-25T20:40:00,87342.5,87349.1,87238.0,87302.6,79.606,6947715.6433
2026-01-25T20:41:00,87302.6,87321.0,87252.9,87315.2,37.161,3243901.3543
2026-01-25T20:42:00,87315.2,87316.6,87291.5,87309.8,23.469,2049018.7501
2026-01-25T20:43:00,87309.8,87309.8,87226.4,87255.0,95.11,8298227.869
2026-01-25T20:44:00,87255.0,87292.7,86752.9,87014.5,1656.617,144114293.8949
2026-01-25T20:45:00,87014.5,87120.7,86954.7,87082.9,303.492,26412032.9925
2026-01-25T20:46:00,87082.9,87156.5,87060.6,87142.8,131.576,11462601.1294
2026-01-25T20:47:00,87142.8,87229.8,87094.9,87203.7,107.51,9370846.9233
2026-01-25T20:48:00,87203.7,87243.9,87144.6,87178.1,104.948,9151953.52
2026-01-25T20:49:00,87178.1,87244.7,87144.6,87229.9,71.077,6198162.0923
2026-01-25T20:50:00,87229.9,87270.7,87139.9,87162.0,199.781,17427689.5683
2026-01-25T20:51:00,87162.0,87236.0,87139.7,87148.8,54.501,4751504.0786
2026-01-25T20:52:00,87148.8,87244.0,87145.9,87243.9,41.291,3601068.6384
2026-01-25T20:53:00,87243.9,87333.4,87243.8,87333.4,81.804,7141555.1661
2026-01-25T20:54:00,87333.4,87348.3,87318.6,87346.9,55.483,4845483.3893
2026-01-25T20:55:00,87346.9,87393.0,87316.5,87317.0,99.608,8701247.9931
2026-01-25T20:56:00,87317.0,87380.3,87287.4,87356.1,36.265,3166996.8002
2026-01-25T20:57:00,87356.1,87421.6,87356.0,87413.4,57.739,5046269.7916
2026-01-25T20:58:00,87413.4,87417.0,87336.0,87368.5,99.204,8667841.7927
2026-01-25T20:59:00,87368.5,87399.0,87359.5,87364.1,35.983,3144116.2918
